ScanID,Lightsoak (hr),ShortID,Excitation Incidence,Proton Exposure Toggle,CouponID,Partition,CdTe p-Type Dopant,Exposure Toggle,Fluence (# cm^-2),ln(Fluence),Proton Acceleration Voltage (kV),N Rows,Median(Efficiency (%)),Median(Voc (V)),Median(Jsc (mA/cm^2)),Median(Fill Factor (%)),Median(Rs (Ohms *cm^2)),Median(Rshunt (Ohms * cm^2)),Std Dev(Efficiency (%)),Std Dev(Voc (V)),Std Dev(Jsc (mA/cm^2)),Std Dev(Fill Factor (%)),Std Dev(Rs (Ohms *cm^2)),Std Dev(Rshunt (Ohms * cm^2))
180409ac_filmside_pre_0hr.0,0,180409ac,filmside,before,409,ac,Cu,expose,1.00E+11,11,650,36,2.9295,0.795,5.133,70.891,14.0715,2092.218,0.433359225,0.015632968,0.789945899,2.800977545,5.074564354,382.1044948
180409ac_filmside_post_0hr.0,0,180409ac,filmside,after,409,ac,Cu,expose,1.00E+11,11,650,36,2.2035,0.769,3.966,71.612,18.823,1681.9885,0.266176001,0.016346448,0.455195423,2.96794514,3.438017773,242.6208519
180409ac_pre_0hr.0,0,180409ac,sunnyside,before,409,ac,Cu,expose,1.00E+11,11,650,36,17.647,0.8485,28.727,72.0905,1.8925,2197.926,1.24785591,0.009099451,0.949448956,2.659827916,1.014109645,451.2782404
180409ac_post_0hr.0,0,180409ac,sunnyside,after,409,ac,Cu,expose,1.00E+11,11,650,30,17.145,0.841,28.6525,71.1845,3.9595,2202.231,0.581916186,0.003662328,0.421326615,1.51165999,0.600347712,594.5900787
180409ba_filmside_pre_0hr.0,0,180409ba,filmside,before,409,ba,Cu,expose,1.00E+11,11,150,25,2.914,0.794,5.034,73.03,16.643,2116.571,0.113903219,0.002385372,0.205310107,1.47114179,3.055704806,284.7249802
180409ba_filmside_post_0hr.0,0,180409ba,filmside,after,409,ba,Cu,expose,1.00E+11,11,150,25,2.664,0.78,4.588,74.254,18.672,1303.346,0.116068586,0.002818392,0.191691045,0.879058441,1.649733337,133.7376063
180409ba_pre_0hr.0,0,180409ba,sunnyside,before,409,ba,Cu,expose,1.00E+11,11,150,25,17.811,0.849,29.033,72.444,2.019,2368.325,0.345740259,0.001529706,0.404392169,0.756619264,0.128469815,363.5597467
180409ba_post_0hr.0,0,180409ba,sunnyside,after,409,ba,Cu,expose,1.00E+11,11,150,25,17.588,0.845,28.78,72.336,2.067,3082.409,0.29932577,0.001439907,0.408784369,0.528203947,0.138609319,538.4674363
180409bb_filmside_pre_0hr.0,0,180409bb,filmside,before,409,bb,Cu,expose,1.00E+12,12,650,27,3.209,0.797,5.532,73.269,15.899,1822.619,0.194309853,0.002110886,0.279583578,2.503771699,3.221943033,296.7612476
180409bb_filmside_post_0hr.0,0,180409bb,filmside,after,409,bb,Cu,expose,1.00E+12,12,650,27,2.432,0.757,4.54,70.778,20.397,2156.624,0.123095868,0.005442002,0.116239254,3.336143735,1.731220797,359.0089575
180409bb_pre_0hr.0,0,180409bb,sunnyside,before,409,bb,Cu,expose,1.00E+12,12,650,28,17.888,0.849,29.046,72.4695,1.756,2345.5305,0.260263826,0.002006603,0.281845036,0.755907573,0.737577017,493.308805
180409bb_post_0hr.0,0,180409bb,sunnyside,after,409,bb,Cu,expose,1.00E+12,12,650,25,16.343,0.833,28.643,68.127,2.557,2024.896,0.321407566,0.001779513,0.276211586,1.007519657,0.643048282,442.2954512
180409bc_filmside_pre_0hr.0,0,180409bc,filmside,before,409,bc,Cu,expose,1.00E+13,13,1000,25,3.302,0.798,5.702,70.903,15.469,1721.404,0.2670599,0.003246537,0.464515798,3.331500464,5.752184076,215.6283186
180409bc_filmside_post_0hr.0,0,180409bc,filmside,after,409,bc,Cu,expose,1.00E+13,13,1000,25,1.881,0.703,4.033,66.895,22.361,3617.366,0.116295772,0.00237557,0.232136289,1.086888104,3.306453205,516.532469
180409bc_pre_0hr.0,0,180409bc,sunnyside,before,409,bc,Cu,expose,1.00E+13,13,1000,25,17.636,0.847,28.966,72.023,1.884,2201.751,0.473079197,0.002107922,0.35781267,1.373013853,0.774726915,343.2600422
180409bc_post_0hr.0,0,180409bc,sunnyside,after,409,bc,Cu,expose,1.00E+13,13,1000,25,12.793,0.789,26.501,61.343,4.701,569.024,0.342963798,0.002758623,0.374186785,1.151317156,0.779167295,37.67066989
180409bd_filmside_pre_0hr.0,0,180409bd,filmside,before,409,bd,Cu,witness,-,-,-,25,3.228,0.799,5.532,72.767,16.939,1649.829,0.15279411,0.00217945,0.220160192,1.442899021,3.282575849,201.2805329
180409bd_filmside_post_0hr.0,0,180409bd,filmside,after,409,bd,Cu,witness,-,-,-,25,2.788,0.782,4.88,73.683,18.433,1349.65,0.130904456,0.003147486,0.211092894,0.782342323,2.797305568,127.0330493
180409bd_pre_0hr.0,0,180409bd,sunnyside,before,409,bd,Cu,witness,-,-,-,25,17.655,0.846,29.04,72.17,1.764,2209.242,0.49911097,0.001632993,0.661845896,0.721519808,0.652572091,328.1277021
180409bd_post_0hr.0,0,180409bd,sunnyside,after,409,bd,Cu,witness,-,-,-,25,17.514,0.844,28.73,72.513,2.112,2509.854,0.597320983,0.001786057,0.714350339,1.012842285,0.439827144,448.2432474
180409ca_filmside_pre_0hr.0,0,180409ca,filmside,before,409,ca,Cu,expose,1.00E+11,11,1000,25,2.997,0.794,5.094,73.61,16.973,2059.993,0.234653482,0.002706166,0.370103445,1.476709149,2.416275331,257.8103322
180409ca_filmside_post_0hr.0,0,180409ca,filmside,after,409,ca,Cu,expose,1.00E+11,11,1000,25,2.581,0.776,4.479,73.688,18.038,1608.646,0.086796217,0.002709243,0.141891954,0.71426269,0.703328285,113.1694588
180409ca_pre_0hr.0,0,180409ca,sunnyside,before,409,ca,Cu,expose,1.00E+11,11,1000,24,17.617,0.8475,29.0555,72.4885,1.851,2302.069,0.468810451,0.003097159,0.325850256,1.80125577,0.820072779,319.4044252
180409ca_post_0hr.0,0,180409ca,sunnyside,after,409,ca,Cu,expose,1.00E+11,11,1000,24,17.6145,0.844,28.881,72.4975,2.145,2640.618,0.339458005,0.002734641,0.360454662,0.923763238,0.977046047,428.1106634
180409cb_filmside_pre_0hr.0,0,180409cb,filmside,before,409,cb,Cu,expose,1.00E+12,12,150,25,3.186,0.796,5.476,73.318,16.252,1854.721,0.200233722,0.002560599,0.338802878,0.832263566,2.286123646,175.9990945
180409cb_filmside_post_0hr.0,0,180409cb,filmside,after,409,cb,Cu,expose,1.00E+12,12,150,25,2.827,0.765,5.249,70.506,13.243,386.412,0.108176831,0.002318045,0.234466579,0.958562104,1.864214529,44.587319
180409cb_pre_0hr.0,0,180409cb,sunnyside,before,409,cb,Cu,expose,1.00E+12,12,150,25,17.73,0.845,29.008,71.978,1.872,2419.86,0.228117053,0.001914854,0.256353421,0.641034432,0.792004583,396.4160822
180409cb_post_0hr.0,0,180409cb,sunnyside,after,409,cb,Cu,expose,1.00E+12,12,150,25,14.962,0.816,26.642,68.935,4.246,924.434,0.299965693,0.001732051,0.521074451,0.486584052,0.163777715,115.9546139
180409cc_filmside_pre_0hr.0,0,180409cc,filmside,before,409,cc,Cu,witness,-,-,-,25,3.239,0.797,5.618,72.866,16.298,1721.702,0.190561451,0.001577973,0.349999605,1.544019018,2.788600654,229.3908754
180409cc_filmside_post_0hr.0,0,180409cc,filmside,after,409,cc,Cu,witness,-,-,-,25,2.777,0.781,4.797,73.852,18.968,1426.858,0.097463241,0.001748333,0.172956883,0.807332744,2.501983672,125.6295468
180409cc_pre_0hr.0,0,180409cc,sunnyside,before,409,cc,Cu,witness,-,-,-,24,17.4215,0.8465,29.0365,70.0205,3.04,2482.9685,0.585215178,0.012930976,0.33209479,1.612240398,0.788144326,722.7049632
180409cc_post_0hr.0,0,180409cc,sunnyside,after,409,cc,Cu,witness,-,-,-,24,17.9225,0.848,29.066,72.807,3.0855,2417.867,1.098114351,0.005984128,0.3201592,3.584328031,0.914534331,512.2861788
180409cd_filmside_pre_0hr.0,0,180409cd,filmside,before,409,cd,Cu,expose,1.00E+13,13,650,23,3.344,0.8,5.673,73.421,16.29,1619.325,0.21376877,0.001890271,0.353968635,0.939216579,2.080781737,183.1923374
180409cd_filmside_post_0hr.0,0,180409cd,filmside,after,409,cd,Cu,expose,1.00E+13,13,650,23,1.852,0.682,4.123,65.772,26.992,4149.736,0.067789024,0.002590649,0.124373084,1.217085411,3.372847616,591.7711794
180409cd_pre_0hr.0,0,180409cd,sunnyside,before,409,cd,Cu,expose,1.00E+13,13,650,24,17.602,0.846,29.051,72.113,1.79,2527.74,0.413178294,0.001503619,0.517658271,0.779247961,0.287142393,460.6665527
180409cd_post_0hr.0,0,180409cd,sunnyside,after,409,cd,Cu,expose,1.00E+13,13,650,23,11.135,0.764,24.349,59.531,5.368,496.07,0.323639194,0.00290495,0.536974319,0.972459516,0.470393805,37.17965226
180409db_filmside_pre_0hr.0,0,180409db,filmside,before,409,db,Cu,witness,-,-,-,25,2.944,0.796,5.162,72.413,18.246,2442.85,0.221753076,0.003394604,0.456888819,2.305388163,4.260421676,415.5838819
180409db_filmside_post_0hr.0,0,180409db,filmside,after,409,db,Cu,witness,-,-,-,25,2.55,0.777,4.487,73.366,18.854,1631.596,0.11331368,0.003001666,0.181888262,0.859465536,0.642972866,239.2072361
180409db_pre_0hr.0,0,180409db,sunnyside,before,409,db,Cu,witness,-,-,-,25,17.661,0.848,29.128,71.912,1.858,2222.047,0.505637492,0.00150333,0.289880579,1.847949145,0.813979641,460.5646605
180409db_post_0hr.0,0,180409db,sunnyside,after,409,db,Cu,witness,-,-,-,25,17.774,0.846,28.997,72.606,1.739,2348.541,0.301697835,0.001641138,0.272455336,0.873816031,0.524882209,542.7005559
180409dc_filmside_pre_0hr.0,0,180409dc,filmside,before,409,dc,Cu,expose,1.00E+12,12,1000,25,2.939,0.796,5.044,72.636,18.241,2162.821,0.167770677,0.002531139,0.366008083,1.927571406,2.553943968,304.5798501
180409dc_filmside_post_0hr.0,0,180409dc,filmside,after,409,dc,Cu,expose,1.00E+12,12,1000,25,2.038,0.766,3.697,71.721,19.824,2349.058,0.143446889,0.004760952,0.253845636,0.968985469,3.319391958,279.1124303
180409dc_pre_0hr.0,0,180409dc,sunnyside,before,409,dc,Cu,expose,1.00E+12,12,1000,25,17.713,0.85,28.975,71.78,2.035,2141.414,0.679706868,0.006356886,0.268620259,2.124989912,0.661295917,266.614119
180409dc_post_0hr.0,0,180409dc,sunnyside,after,409,dc,Cu,expose,1.00E+12,12,1000,25,17.053,0.838,28.704,70.566,3.918,2280.016,0.368166756,0.001641138,0.252767205,1.09156684,0.497557243,451.3667363
180409dd_filmside_pre_0hr.0,0,180409dd,filmside,before,409,dd,Cu,expose,1.00E+13,13,150,25,2.907,0.793,4.914,74.057,16.229,2353.258,0.335477535,0.004193249,0.521048645,1.700864136,2.016339154,487.6260221
180409dd_filmside_post_0hr.0,0,180409dd,filmside,after,409,dd,Cu,expose,1.00E+13,13,150,24,1.9925,0.7275,4.4155,61.3725,19.073,141.504,0.182494784,0.003368385,0.670327206,3.207003484,0.922266976,17.55783297
180409dd_pre_0hr.0,0,180409dd,sunnyside,before,409,dd,Cu,expose,1.00E+13,13,150,24,18.188,0.847,29.1205,73.3785,3.0955,2258.704,0.398861714,0.004690223,0.275101404,0.962610141,0.966988331,483.3952439
180409dd_post_0hr.0,0,180409dd,sunnyside,after,409,dd,Cu,expose,1.00E+13,13,150,24,10.8065,0.7505,21.088,68.7165,5.397,1344.7135,0.561651832,0.006043172,0.779493309,1.355725694,0.438775303,205.9779937
180410ba_filmside_pre_0hr.0,0,180410ba,filmside,before,410,ba,Cu,witness,-,-,-,25,3.215,0.798,5.476,73.42,16.429,1846.482,0.123374538,0.001053565,0.205378253,2.490201379,3.442253586,155.6748059
180410ba_filmside_post_0hr.0,0,180410ba,filmside,after,410,ba,Cu,witness,-,-,-,25,2.862,0.789,4.881,74.209,14.491,1356.505,0.109512937,0.002173323,0.206500057,0.641742355,0.448028838,138.3563155
180410ba_pre_0hr.0,0,180410ba,sunnyside,before,410,ba,Cu,witness,-,-,-,25,17.789,0.85,29.02,72.232,1.947,2239.67,0.290939467,0.001468559,0.352289881,0.801632089,0.098290166,480.3668678
180410ba_post_0hr.0,0,180410ba,sunnyside,after,410,ba,Cu,witness,-,-,-,25,17.793,0.848,28.876,72.736,1.908,2279.681,0.374691651,0.001854724,0.332048224,1.154314433,0.396212582,379.7075606
180410bb_filmside_pre_0hr.0,0,180410bb,filmside,before,410,bb,Cu,expose,1.00E+12,12,150,25,3.253,0.798,5.567,73.25,16.93,1880.884,0.117679395,0.00145831,0.204382297,0.803324463,0.722260369,144.2516291
180410bb_filmside_post_0hr.0,0,180410bb,filmside,after,410,bb,Cu,expose,1.00E+12,12,150,25,2.781,0.762,5.105,71.1,17.676,420.68,0.111695912,0.002441311,0.255683411,1.133570264,2.627179912,55.57047822
180410bb_pre_0hr.0,0,180410bb,sunnyside,before,410,bb,Cu,expose,1.00E+12,12,150,25,17.715,0.855,28.967,71.569,2.321,2472.495,0.415656942,0.001486607,0.25163451,1.382313994,0.514943767,505.2948363
180410bb_post_0hr.0,0,180410bb,sunnyside,after,410,bb,Cu,expose,1.00E+12,12,150,25,14.948,0.819,26.497,68.52,4.345,919.731,0.361135247,0.001819341,0.489533952,0.690938536,0.749698535,116.3472525
180410bc_filmside_pre_0hr.0,0,180410bc,filmside,before,410,bc,Cu,expose,1.00E+13,13,650,30,3.3145,0.798,5.689,72.562,16.121,1882.2035,0.275333363,0.004922503,0.407101418,3.499284838,2.52734773,315.4319928
180410bc_filmside_post_0hr.0,0,180410bc,filmside,after,410,bc,Cu,expose,1.00E+13,13,650,29,1.802,0.67,4.1,66.079,23.948,4468.346,0.060773362,0.001804483,0.129245966,1.004821519,0.615986507,943.1890846
180410bc_pre_0hr.0,0,180410bc,sunnyside,before,410,bc,Cu,expose,1.00E+13,13,650,30,17.4685,0.853,29.0905,70.596,2.6955,2383.6835,0.396384623,0.002473073,0.279824783,1.320079245,0.306582377,400.890545
180410bc_post_0hr.0,0,180410bc,sunnyside,after,410,bc,Cu,expose,1.00E+13,13,650,24,10.754,0.7605,23.796,59.4585,6.3575,475.4935,0.291596841,0.001142081,0.653937925,0.466515792,0.338217964,78.6276974
180410bd_filmside_pre_0hr.0,0,180410bd,filmside,before,410,bd,Cu,expose,1.00E+11,11,1000,29,3.14,0.8,5.538,71.174,14.209,2153.564,0.37231142,0.002700575,0.458903864,6.303121621,13.08622402,320.0906
180410bd_filmside_post_0hr.0,0,180410bd,filmside,after,410,bd,Cu,expose,1.00E+11,11,1000,29,2.712,0.773,4.797,73.127,15.891,1420.862,0.114050849,0.00336638,0.205198318,1.702912461,0.496341879,143.7408063
180410bd_pre_0hr.0,0,180410bd,sunnyside,before,410,bd,Cu,expose,1.00E+11,11,1000,30,17.744,0.85,29,72.097,1.87,2389.122,0.581182785,0.001888866,0.616432514,1.11497273,0.577554854,590.3106266
180410bd_post_0hr.0,0,180410bd,sunnyside,after,410,bd,Cu,expose,1.00E+11,11,1000,25,17.314,0.842,28.819,71.663,3.931,2651.9,0.411126189,0.001362596,0.40195892,0.862327003,0.488553948,578.6283032
180410ca_filmside_pre_0hr.0,0,180410ca,filmside,before,410,ca,Cu,expose,1.00E+12,12,1000,25,3.251,0.799,5.579,73.259,17.376,1800.328,0.217799694,0.001524248,0.281124036,3.978266862,5.781974912,180.5583508
180410ca_filmside_post_0hr.0,0,180410ca,filmside,after,410,ca,Cu,expose,1.00E+12,12,1000,25,2.802,0.778,4.926,72.729,18.396,1724.049,0.102905977,0.002165641,0.176943475,0.679522462,1.511538639,154.0326933
180410ca_pre_0hr.0,0,180410ca,sunnyside,before,410,ca,Cu,expose,1.00E+12,12,1000,25,17.915,0.853,29.03,72.365,2.497,2282.234,0.655393045,0.000996661,0.383213026,2.127161945,0.750477208,486.46128
180410cb_filmside_pre_0hr.0,0,180410cb,filmside,before,410,cb,Cu,expose,1.00E+13,13,150,25,3.192,0.797,5.572,72.649,17.12,2024.844,0.1639956,0.002612789,0.292865014,1.69519055,3.267472702,274.2961758
180410cb_filmside_post_0hr.0,0,180410cb,filmside,after,410,cb,Cu,expose,1.00E+13,13,150,25,2.362,0.741,4.901,64.84,21.087,166.202,0.083052634,0.001258306,0.290944582,1.874777914,2.460900352,21.98861946
180410cb_pre_0hr.0,0,180410cb,sunnyside,before,410,cb,Cu,expose,1.00E+13,13,150,25,17.229,0.85,29.066,69.982,2.731,2325.802,0.306142004,0.001118034,0.27356017,0.938069839,0.474987017,410.6071021
180410cb_post_0hr.0,0,180410cb,sunnyside,after,410,cb,Cu,expose,1.00E+13,13,150,25,11.846,0.769,22.461,68.845,5.053,1721.825,0.210541152,0.001354006,0.35875218,0.4472736,0.196374107,152.7262481
180410cc_filmside_pre_0hr.0,0,180410cc,filmside,before,410,cc,Cu,expose,1.00E+11,11,650,30,3.249,0.8,5.711,72.5125,17.399,1862.025,0.209368992,0.003520221,0.457424102,3.07726143,3.409328598,206.5506496
180410cc_filmside_post_0hr.0,0,180410cc,filmside,after,410,cc,Cu,expose,1.00E+11,11,650,30,2.8815,0.786,5.0265,73.2745,13.9505,1393.2335,0.123742149,0.005040183,0.214598286,1.253276489,2.223774813,152.2600826
180410cc_pre_0hr.0,0,180410cc,sunnyside,before,410,cc,Cu,expose,1.00E+11,11,650,29,17.79,0.854,28.984,71.857,2.039,2201.264,0.418401627,0.002169538,0.366957327,0.987259967,0.610715687,400.1832378
180410cc_post_0hr.0,0,180410cc,sunnyside,after,410,cc,Cu,expose,1.00E+11,11,650,25,17.589,0.845,28.777,72.119,1.881,2186.656,0.312604452,0.001290994,0.369947631,0.70065237,0.819988035,383.738378
180410cd_filmside_pre_0hr.0,0,180410cd,filmside,before,410,cd,Cu,witness,-,-,-,28,3.2535,0.798,5.6555,72.6485,16.301,1988.4335,0.192578865,0.002441647,0.38110554,1.762118505,1.851931193,210.3114733
180410cd_filmside_post_0hr.0,0,180410cd,filmside,after,410,cd,Cu,witness,-,-,-,30,2.859,0.7915,4.9215,73.2095,15,1411.0715,0.130448338,0.003543652,0.235763716,0.924766043,0.661022214,188.8597645
180410cd_pre_0hr.0,0,180410cd,sunnyside,before,410,cd,Cu,witness,-,-,-,28,17.681,0.846,29.057,72.17,1.8195,2166.5905,0.280675967,0.003333929,0.290278884,0.687618965,0.976090335,507.4798763
180410cd_post_0hr.0,0,180410cd,sunnyside,after,410,cd,Cu,witness,-,-,-,25,17.542,0.843,28.873,72.207,1.878,2372.603,0.309658952,0.003363034,0.280359781,0.740498875,0.833284741,514.0413144
180410da_filmside_pre_0hr.0,0,180410da,filmside,before,410,da,Cu,expose,1.00E+12,12,650,24,3.053,0.797,5.233,73.1295,17.113,2091.283,0.15684274,0.001301476,0.264769793,1.094950307,1.704806619,324.4568866
180410da_filmside_post_0hr.0,0,180410da,filmside,after,410,da,Cu,expose,1.00E+12,12,650,24,2.453,0.764,4.4545,71.5565,17.5955,2302.5515,0.090450954,0.004162462,0.128408648,0.697237151,2.779945328,196.4349692
180410da_pre_0hr.0,0,180410da,sunnyside,before,410,da,Cu,expose,1.00E+12,12,650,25,18.065,0.852,29.164,72.619,1.886,2487.334,0.311556137,0.0012,0.285180691,0.713166243,0.448455319,419.0083395
180410da_post_0hr.0,0,180410da,sunnyside,after,410,da,Cu,expose,1.00E+12,12,650,24,16.69,0.835,28.835,69.4945,3.914,2428.593,0.321925986,0.002200132,0.327871592,0.722990738,0.522679073,516.4428048
180410db_filmside_pre_0hr.0,0,180410db,filmside,before,410,db,Cu,expose,1.00E+13,13,1000,23,3.057,0.795,5.291,72.743,16.25,2066.227,0.167497047,0.001917261,0.300075129,1.806966917,1.420908276,257.0327894
180410db_filmside_post_0hr.0,0,180410db,filmside,after,410,db,Cu,expose,1.00E+13,13,1000,23,1.82,0.706,3.768,68.466,22.342,3851.554,0.081452695,0.002616458,0.156522107,0.790550361,2.024543127,661.3330834
180410db_pre_0hr.0,0,180410db,sunnyside,before,410,db,Cu,expose,1.00E+13,13,1000,25,17.995,0.853,29.163,72.337,2.018,2107.052,0.359396197,0.001194432,0.317128244,1.037858051,0.69150737,547.0112106
180410db_post_0hr.0,0,180410db,sunnyside,after,410,db,Cu,expose,1.00E+13,13,1000,23,13.341,0.794,26.992,62.378,4.993,598.656,1.334610701,0.004532273,0.484938764,5.605519117,2.828661696,117.1967242
180410dc_filmside_pre_0hr.0,0,180410dc,filmside,before,410,dc,Cu,witness,-,-,-,35,3.147,0.795,5.469,72.622,16.001,2103.628,0.234125776,0.004291481,0.418763512,1.33154946,1.584528113,248.7557325
180410dc_filmside_post_0hr.0,0,180410dc,filmside,after,410,dc,Cu,witness,-,-,-,35,2.685,0.785,4.654,73.871,14.248,1604.917,0.148995105,0.003410808,0.253447981,1.242575475,2.762032608,194.2828693
180410dc_pre_0hr.0,0,180410dc,sunnyside,before,410,dc,Cu,witness,-,-,-,36,17.988,0.85,29.171,72.944,3.184,2119.08,0.705121403,0.002693909,1.045654987,1.012538095,0.527746286,326.1103473
180410dc_post_0hr.0,0,180410dc,sunnyside,after,410,dc,Cu,witness,-,-,-,35,17.74,0.85,28.918,72.304,1.817,2169.413,1.021144886,0.004551664,1.101804171,2.87304301,0.988869241,719.8989567
180410dd_filmside_pre_0hr.0,0,180410dd,filmside,before,410,dd,Cu,expose,1.00E+11,11,150,30,3.0675,0.795,5.398,72.1195,16.3885,2027.316,0.247825773,0.005081972,0.404752491,4.608185191,7.33088239,301.3982805
180410dd_filmside_post_0hr.0,0,180410dd,filmside,after,410,dd,Cu,expose,1.00E+11,11,150,30,2.7685,0.781,4.8015,73.4575,18.2625,1253.322,0.117214417,0.005378117,0.186382319,1.236082005,2.676981105,121.6361197
180410dd_pre_0hr.0,0,180410dd,sunnyside,before,410,dd,Cu,expose,1.00E+11,11,150,29,17.929,0.85,29.166,72.303,1.874,2107.203,0.566065652,0.003255915,0.460393706,1.324078611,0.609961478,410.1635836
180410dd_post_0hr.0,0,180410dd,sunnyside,after,410,dd,Cu,expose,1.00E+11,11,150,28,17.6265,0.845,28.959,72.017,1.789,2443.0645,0.584287377,0.003084995,0.480403683,1.136875117,0.851878344,346.9042564
620310ba_filmside_pre_0hr.0,0,620310ba,filmside,before,310,ba,As,expose,1.00E+13,13,150,29,4.683,0.798,7.706,76.619,11.096,7994.289,0.16160409,0.003243409,0.223038853,0.921009097,1.396183435,2931.621678
620310ba_filmside_post_0hr.0,0,620310ba,filmside,after,310,ba,As,expose,1.00E+13,13,150,28,6.7355,0.671,17.3785,58.3725,8.008,285.853,0.166207304,0.010360946,0.573692564,1.137819499,0.587852711,18.85445922
620310ba_pre_0hr.0,0,620310ba,sunnyside,before,310,ba,As,expose,1.00E+13,13,150,30,14.403,0.7895,28.951,62.821,4.4765,1283.7645,0.624271655,0.005195157,0.548884542,2.003507472,0.266809461,169.7127502
620310ba_post_0hr.0,0,620310ba,sunnyside,after,310,ba,As,expose,1.00E+13,13,150,30,4.8115,0.662,10.4195,69.3525,9.0005,1861.3655,0.594581998,0.013058709,1.12569191,0.38002499,0.970384756,167.3481645
620310bb_filmside_pre_0hr.0,0,620310bb,filmside,before,310,bb,As,witness,-,-,-,24,4.5705,0.7875,7.6765,75.598,10.421,7948.262,0.194962036,0.006678974,0.257051167,0.839271474,1.033680605,4542.891427
620310bb_filmside_post_0hr.0,0,620310bb,filmside,after,310,bb,As,witness,-,-,-,24,4.063,0.745,7.413,73.692,10.9435,20682.2615,0.166998546,0.004423259,0.203429505,0.908967928,1.461848106,160584.3771
620310bb_pre_0hr.0,0,620310bb,sunnyside,before,310,bb,As,witness,-,-,-,25,14.17,0.783,28.785,63.011,4.563,1184.269,0.246880538,0.002177154,0.325189468,0.669127459,0.328840579,143.3051553
620310bb_post_0hr.0,0,620310bb,sunnyside,after,310,bb,As,witness,-,-,-,24,15.3085,0.804,28.8075,65.988,3.8525,1440.568,0.62725322,0.005405144,0.3478392,2.099427726,0.683226169,228.5434563
620310bc_filmside_pre_0hr.0,0,620310bc,filmside,before,310,bc,As,expose,1.00E+11,11,650,28,4.433,0.794,7.74,73.2445,10.215,7013.919,0.264487265,0.013650348,0.427700439,2.923521194,3.355064385,2583.733123
620310bc_filmside_post_0hr.0,0,620310bc,filmside,after,310,bc,As,expose,1.00E+11,11,650,28,3.9845,0.747,7.3205,73.062,11.6965,14372.338,0.109658127,0.011026363,0.162643518,1.208442776,0.959001139,16215.68365
620310bc_pre_0hr.0,0,620310bc,sunnyside,before,310,bc,As,expose,1.00E+11,11,650,30,14.38,0.789,28.7015,63.396,4.4705,1241.308,0.691618811,0.0075828,0.556927268,1.506269209,0.405040831,268.9199114
620310bc_post_0hr.0,0,620310bc,sunnyside,after,310,bc,As,expose,1.00E+11,11,650,27,14.516,0.807,28.713,62.65,3.884,1284.061,0.952121451,0.008218872,0.360903974,3.397224549,0.69205902,226.4492563
620310bd_filmside_pre_0hr.0,0,620310bd,filmside,before,310,bd,As,expose,1.00E+12,12,1000,30,4.401,0.7935,7.606,75.0665,10.8175,7556.112,0.272424553,0.005432554,0.497370055,4.594472707,3.217462312,2564.739583
620310bd_filmside_post_0hr.0,0,620310bd,filmside,after,310,bd,As,expose,1.00E+12,12,1000,30,3.451,0.735,6.609,71.4545,14.8565,12967.0525,0.179574388,0.005513203,0.364858097,5.42797327,2.260830679,8152.521189
620310bd_pre_0hr.0,0,620310bd,sunnyside,before,310,bd,As,expose,1.00E+12,12,1000,30,14.1735,0.7925,28.547,62.6925,4.846,1282.065,2.091072072,0.005394335,0.943044276,7.804306379,2.900334393,459.6598827
620310bd_post_0hr.0,0,620310bd,sunnyside,after,310,bd,As,expose,1.00E+12,12,1000,30,13.323,0.7925,28.0095,59.747,4.8975,892.085,2.305366462,0.006015402,1.303380779,8.518843148,4.360547483,304.541747
620310ca_filmside_pre_0hr.0,0,620310ca,filmside,before,310,ca,As,witness,-,-,-,20,4.6805,0.7905,7.883,75.854,10.8695,9130.241,0.245825805,0.010772773,0.170560153,3.185825847,1.733170653,2997.550331
620310ca_filmside_post_0hr.0,0,620310ca,filmside,after,310,ca,As,witness,-,-,-,21,4.074,0.743,7.522,73.627,11.178,22592.656,0.174486812,0.009042229,0.189602868,2.480422813,1.50770514,1273093.856
620310ca_pre_0hr.0,0,620310ca,sunnyside,before,310,ca,As,witness,-,-,-,25,13.54,0.788,28.538,60.629,4.829,1059.866,0.722155193,0.005345403,0.559404222,1.852083961,0.438399316,301.3322045
620310ca_post_0hr.0,0,620310ca,sunnyside,after,310,ca,As,witness,-,-,-,22,14.593,0.804,28.515,63.03,4.5125,1166.9595,0.999790144,0.008862587,0.662188651,2.541294181,0.540344898,390.4893842
620310cb_filmside_pre_0hr.0,0,620310cb,filmside,before,310,cb,As,expose,1.00E+13,13,1000,25,4.585,0.788,7.78,74.976,10.716,7267.888,0.143297278,0.006177918,0.20415895,2.362825457,1.571367624,1927.047183
620310cb_filmside_post_0hr.0,0,620310cb,filmside,after,310,cb,As,expose,1.00E+13,13,1000,25,2.201,0.673,5.321,61.186,21.039,4919.389,0.06955753,0.006601767,0.105801497,1.30340928,1.53170198,1026.665117
620310cb_pre_0hr.0,0,620310cb,sunnyside,before,310,cb,As,expose,1.00E+13,13,1000,25,14.053,0.791,28.674,62.15,4.803,1052.732,0.43684672,0.004490731,0.302979829,1.28467447,0.408872038,197.4625877
620310cb_post_0hr.0,0,620310cb,sunnyside,after,310,cb,As,expose,1.00E+13,13,1000,25,8.657,0.731,24.745,47.677,7.154,133.503,0.31961031,0.004581848,0.575558662,1.060772473,0.2965052,12.9585988
620310cc_filmside_pre_0hr.0,0,620310cc,filmside,before,310,cc,As,expose,1.00E+11,11,150,30,4.73,0.794,7.8285,75.837,10.935,8921.364,0.205705797,0.004370223,0.405777852,1.114580754,1.208046475,2989.656562
620310cc_filmside_post_0hr.0,0,620310cc,filmside,after,310,cc,As,expose,1.00E+11,11,150,30,3.7,0.7435,6.7625,74.0225,11.915,14482.9915,0.076405309,0.003720709,0.162574648,0.952354849,1.563168698,44195.56886
620310cc_pre_0hr.0,0,620310cc,sunnyside,before,310,cc,As,expose,1.00E+11,11,150,30,14.406,0.793,28.726,63.359,4.6675,1268.5605,0.35295665,0.003508446,0.436224344,0.78534499,0.13289604,235.1220206
620310cc_post_0hr.0,0,620310cc,sunnyside,after,310,cc,As,expose,1.00E+11,11,150,30,15.352,0.809,28.631,66.138,4.027,1378.7645,0.338801471,0.003812261,0.394745984,0.813390498,0.451909549,215.205872
620310cd_filmside_pre_0hr.0,0,620310cd,filmside,before,310,cd,As,expose,1.00E+12,12,650,25,4.861,0.796,7.941,76.231,10.748,8481.475,0.147350184,0.004352394,0.235893705,0.970920265,0.514387911,2609.657417
620310cd_filmside_post_0hr.0,0,620310cd,filmside,after,310,cd,As,expose,1.00E+12,12,650,25,3.253,0.726,6.344,70.294,13.89,11445.956,0.106706342,0.004481443,0.172452409,1.012215354,1.552508763,3673.61791
620310cd_pre_0hr.0,0,620310cd,sunnyside,before,310,cd,As,expose,1.00E+12,12,650,25,14.105,0.788,28.759,62.314,4.702,1269.322,0.374411374,0.004031129,0.382762032,0.990076953,0.296669384,228.7482997
620310cd_post_0hr.0,0,620310cd,sunnyside,after,310,cd,As,expose,1.00E+12,12,650,25,12.494,0.779,27.917,56.939,5.468,673.395,0.570034575,0.005776966,0.462048518,1.843320896,0.508268964,107.0612752
620310da_filmside_pre_0hr.0,0,620310da,filmside,before,310,da,As,expose,1.00E+13,13,650,25,4.437,0.792,7.359,76.706,10.688,8659.115,0.206191052,0.005685655,0.244446777,1.385863149,1.742803381,2674.369108
620310da_filmside_post_0hr.0,0,620310da,filmside,after,310,da,As,expose,1.00E+13,13,650,25,2.374,0.662,6.085,59.524,17.297,3901.665,0.09539116,0.002339516,0.194374827,1.010201947,2.487814062,569.6984828
620310da_pre_0hr.0,0,620310da,sunnyside,before,310,da,As,expose,1.00E+13,13,650,25,13.645,0.786,28.828,60.734,4.867,1234.512,0.506010794,0.004481443,0.451346183,1.56376056,0.445384916,246.6117821
620310da_post_0hr.0,0,620310da,sunnyside,after,310,da,As,expose,1.00E+13,13,650,25,6.912,0.708,20.109,48.42,7.873,92.277,0.521207118,0.0044053,1.030935498,1.781945449,0.694882995,6.528606404
620310db_filmside_pre_0hr.0,0,620310db,filmside,before,310,db,As,expose,1.00E+11,11,1000,25,4.518,0.785,7.66,74.64,9.586,8135.131,0.143777896,0.006040695,0.219878944,1.29780025,2.74460197,2000.429744
620310db_filmside_post_0hr.0,0,620310db,filmside,after,310,db,As,expose,1.00E+11,11,1000,25,4.004,0.74,7.368,73.014,13.068,18403.758,0.104498006,0.005697075,0.162586008,1.077022792,1.435805345,13643.08667
620310db_pre_0hr.0,0,620310db,sunnyside,before,310,db,As,expose,1.00E+11,11,1000,25,13.718,0.784,28.832,60.91,4.756,993.583,0.331043678,0.004213866,0.348538841,0.716916704,0.282828759,187.6465513
620310db_post_0hr.0,0,620310db,sunnyside,after,310,db,As,expose,1.00E+11,11,1000,25,14.523,0.799,28.845,63.076,4.606,1126.479,0.374528259,0.004310066,0.325186987,0.845270963,0.296480888,200.8175593
620310dc_filmside_pre_0hr.0,0,620310dc,filmside,before,310,dc,As,expose,1.00E+12,12,150,30,4.625,0.791,7.732,75.462,10.7935,8302.6815,0.15328369,0.006952714,0.364357392,1.383419585,1.908669038,2280.94161
620310dc_filmside_post_0hr.0,0,620310dc,filmside,after,310,dc,As,expose,1.00E+12,12,150,29,3.827,0.723,7.335,72.038,11.687,50395.548,0.081434189,0.004485884,0.194602633,1.145431663,1.269240985,147965.1279
620310dc_pre_0hr.0,0,620310dc,sunnyside,before,310,dc,As,expose,1.00E+12,12,150,30,13.9665,0.7875,28.74,61.368,4.5235,1115.5835,0.337274056,0.003943422,0.347379643,0.755181754,0.679439421,238.1255014
620310dc_post_0hr.0,0,620310dc,sunnyside,after,310,dc,As,expose,1.00E+12,12,150,30,13.89,0.782,28.5815,62.106,4.5845,1099.7565,0.492168373,0.004004165,0.381096454,1.595803003,0.692584091,259.1686273
620310dd_filmside_pre_0hr.0,0,620310dd,filmside,before,310,dd,As,witness,-,-,-,29,4.571,0.792,7.725,75.537,11.245,8386.192,0.203823677,0.012170586,0.367277133,1.927273187,1.628864388,4195.815121
620310dd_filmside_post_0hr.0,0,620310dd,filmside,after,310,dd,As,witness,-,-,-,29,4.103,0.75,7.404,74.191,11.825,16262.616,0.129920476,0.010168288,0.252736491,1.497484831,0.84379992,11842.27848
620310dd_pre_0hr.0,0,620310dd,sunnyside,before,310,dd,As,witness,-,-,-,30,13.934,0.7855,28.731,61.4905,4.658,1259.25,0.634155911,0.007599834,0.62756722,1.36928894,0.369191935,436.4036291
620310dd_post_0hr.0,0,620310dd,sunnyside,after,310,dd,As,witness,-,-,-,29,15.106,0.808,28.764,64.909,4.017,1299.528,0.66455567,0.00762337,0.470973416,1.766540369,0.363187327,340.9795426
621102ba_filmside_pre_0hr.0,0,621102ba,filmside,before,1102,ba,As,expose,1.00E+13,13,150,25,4.665,0.796,7.82,75.353,11.214,11136.93,0.143618998,0.004142463,0.202354162,0.902759196,2.036397987,3755.335032
621102ba_filmside_post_0hr.0,0,621102ba,filmside,after,1102,ba,As,expose,1.00E+13,13,150,23,6.502,0.68,16.579,57.933,8.915,319.083,0.281340348,0.008361166,0.335348377,1.713225291,0.6586139,33.15115483
621102ba_pre_0hr.0,0,621102ba,sunnyside,before,1102,ba,As,expose,1.00E+13,13,150,25,15.482,0.815,28.718,65.893,4.607,1601.84,0.417113594,0.002063169,0.39775076,1.153164649,0.245118339,211.5981225
621102bb_filmside_pre_0hr.0,0,621102bb,filmside,before,1102,bb,As,expose,1.00E+12,12,650,24,4.502,0.7855,7.7915,73.7655,10.68,8863.083,0.165600685,0.003586408,0.217640971,1.266559313,2.125355653,3814.137239
621102bb_filmside_post_0hr.0,0,621102bb,filmside,after,1102,bb,As,expose,1.00E+12,12,650,25,3.197,0.726,6.175,70.925,13.681,7694.22,0.159819826,0.00554617,0.21281817,1.040756656,1.903728403,4681.756031
621102bb_pre_0hr.0,0,621102bb,sunnyside,before,1102,bb,As,expose,1.00E+12,12,650,25,15.006,0.806,28.574,65.035,4.595,1177.751,0.619547746,0.004279019,0.529312054,1.750329139,0.592758037,185.7364365
621102bb_post_0hr.0,0,621102bb,sunnyside,after,1102,bb,As,expose,1.00E+12,12,650,24,13.752,0.794,27.8205,61.874,4.8475,813.114,0.546760683,0.0025238,0.583084712,1.404528783,0.541321785,116.5387041
621102bc_filmside_pre_0hr.0,0,621102bc,filmside,before,1102,bc,As,witness,-,-,-,29,4.565,0.787,7.962,73.887,11.144,9961.883,0.282172252,0.035940838,0.344410233,3.260305525,2.539560365,4749.334049
621102bc_filmside_post_0hr.0,0,621102bc,filmside,after,1102,bc,As,witness,-,-,-,28,3.999,0.752,7.413,72.525,12.605,14858.2205,0.319674874,0.034087558,0.31958451,4.212558278,1.582014488,23031.78071
621102bc_pre_0hr.0,0,621102bc,sunnyside,before,1102,bc,As,witness,-,-,-,30,15.2625,0.8075,28.6735,65.941,4.3005,1334.2185,1.526672924,0.028321959,1.387450705,2.289643062,0.698814883,417.4624389
621102bc_post_0hr.0,0,621102bc,sunnyside,after,1102,bc,As,witness,-,-,-,25,15.917,0.819,28.413,68.189,4.319,1270.425,0.809723815,0.008524475,0.489327855,1.876545037,0.53731385,279.5729305
621102bd_filmside_pre_0hr.0,0,621102bd,filmside,before,1102,bd,As,expose,1.00E+11,11,1000,24,4.5685,0.7895,7.826,74.1265,11.327,10581.6265,0.234450046,0.006612324,0.303714107,1.088937116,2.160586444,4508.334463
621102bd_filmside_post_0hr.0,0,621102bd,filmside,after,1102,bd,As,expose,1.00E+11,11,1000,25,3.982,0.749,7.389,72.436,12.224,15095.339,0.196703652,0.008439589,0.220951729,1.534260199,1.272883875,56365.56202
621102bd_pre_0hr.0,0,621102bd,sunnyside,before,1102,bd,As,expose,1.00E+11,11,1000,25,15.37,0.811,28.924,65.406,4.438,1454.437,0.350651475,0.004858669,0.370523895,0.998213474,0.241868098,161.0107509
621102bd_post_0hr.0,0,621102bd,sunnyside,after,1102,bd,As,expose,1.00E+11,11,1000,24,15.522,0.813,28.7175,66.633,4.2715,1271.4525,0.533524513,0.006057096,0.397129483,1.522298196,0.204567479,147.806494
621102ca_filmside_pre_0hr.0,0,621102ca,filmside,before,1102,ca,As,expose,1.00E+13,13,1000,24,4.72,0.8005,7.78,75.515,11.908,8537.513,0.295195096,0.010629123,0.269290641,3.540100071,2.338251527,3708.255032
621102ca_filmside_post_0hr.0,0,621102ca,filmside,after,1102,ca,As,expose,1.00E+13,13,1000,24,2.348,0.679,5.2785,64.984,20.7245,4873.9585,0.075015168,0.004977486,0.146064849,1.576219845,1.151247524,1050.332493
621102ca_pre_0hr.0,0,621102ca,sunnyside,before,1102,ca,As,expose,1.00E+13,13,1000,25,15,0.818,28.629,63.96,4.898,1441.591,0.810413526,0.003782416,0.418937477,2.711055165,0.483345432,337.4682149
621102ca_post_0hr.0,0,621102ca,sunnyside,after,1102,ca,As,expose,1.00E+13,13,1000,24,10.3675,0.7475,26.3965,52.554,5.988,270.0575,1.254179898,0.00492976,1.321551443,4.385538574,3.11187198,80.61823403
621102cb_filmside_pre_0hr.0,0,621102cb,filmside,before,1102,cb,As,witness,-,-,-,25,4.637,0.79,8.009,73.762,10.515,8577.775,0.17584987,0.026261061,0.38728752,2.17051544,2.292399138,2924.651987
621102cb_filmside_post_0hr.0,0,621102cb,filmside,after,1102,cb,As,witness,-,-,-,25,4.209,0.758,7.521,73.46,12.813,19629.582,0.1587609,0.024590784,0.340887699,1.513705451,0.60274762,49999.81896
621102cb_pre_0hr.0,0,621102cb,sunnyside,before,1102,cb,As,witness,-,-,-,25,14.631,0.798,28.597,64.198,4.896,1062.417,1.059355268,0.017419147,0.872547519,1.778466045,0.582750653,280.028097
621102cb_post_0hr.0,0,621102cb,sunnyside,after,1102,cb,As,witness,-,-,-,25,15.749,0.812,28.577,67.99,4.025,1357.974,1.088189173,0.017692936,0.717844812,2.03975853,0.54202301,352.4758747
621102cc_filmside_pre_0hr.0,0,621102cc,filmside,before,1102,cc,As,expose,1.00E+12,12,150,27,4.731,0.793,8.078,74.252,10.35,8225.909,0.401128504,0.027339743,0.318129903,2.427501595,3.306720285,3281.593403
621102cc_filmside_post_0hr.0,0,621102cc,filmside,after,1102,cc,As,expose,1.00E+12,12,150,27,3.938,0.738,7.277,72.529,13.53,39217.534,0.361447639,0.028247431,0.347778116,2.212664458,1.958426949,369135.9447
621102cc_pre_0hr.0,0,621102cc,sunnyside,before,1102,cc,As,expose,1.00E+12,12,150,30,15.2075,0.807,28.897,65.24,4.3325,1418.3345,0.544024308,0.00744636,0.336507569,1.37740146,0.275116237,201.1014729
621102cc_post_0hr.0,0,621102cc,sunnyside,after,1102,cc,As,expose,1.00E+12,12,150,28,15.035,0.793,28.628,66.3285,4.2115,1337.168,0.87263633,0.009200874,0.521623453,2.632888687,0.607517683,226.5605333
621102cd_filmside_pre_0hr.0,0,621102cd,filmside,before,1102,cd,As,expose,1.00E+11,11,650,25,4.72,0.795,7.981,74.766,10.956,8743.72,0.177897424,0.00934202,0.298999482,1.438540213,2.508684404,4234.881203
621102cd_filmside_post_0hr.0,0,621102cd,filmside,after,1102,cd,As,expose,1.00E+11,11,650,25,4.042,0.758,7.371,72.6,13.45,18379.653,0.185500512,0.007544314,0.284356566,0.897858615,0.723346851,157945.6373
621102cd_pre_0hr.0,0,621102cd,sunnyside,before,1102,cd,As,expose,1.00E+11,11,650,25,14.695,0.813,28.505,63.63,5.008,1258.574,0.480786082,0.005678908,0.328682004,1.687857253,0.623179811,242.3716763
621102cd_post_0hr.0,0,621102cd,sunnyside,after,1102,cd,As,expose,1.00E+11,11,650,25,14.896,0.815,28.146,64.787,4.656,1134.376,2.106752517,0.008175166,1.113904549,8.063151412,5.365565212,269.2959018
621102da_filmside_pre_0hr.0,0,621102da,filmside,before,1102,da,As,witness,-,-,-,24,4.3945,0.794,7.3905,75.064,11.9505,8174.7485,0.243868505,0.011258491,0.403651943,4.690939271,1.479364817,3956.504988
621102da_filmside_post_0hr.0,0,621102da,filmside,after,1102,da,As,witness,-,-,-,23,4.006,0.758,7.252,73.322,13.486,18638.673,0.213980846,0.008455417,0.287081374,3.631116703,0.76913463,175119.7744
621102da_pre_0hr.0,0,621102da,sunnyside,before,1102,da,As,witness,-,-,-,25,15.145,0.806,28.92,64.987,4.29,1556.951,0.316855503,0.002853653,0.353403773,0.564879347,0.150371728,200.7330622
621102da_post_0hr.0,0,621102da,sunnyside,after,1102,da,As,witness,-,-,-,24,15.8695,0.818,28.701,67.809,4.1755,1376.207,0.675500587,0.005700242,0.397801704,2.24078172,0.361651764,343.9089273
621102db_filmside_pre_0hr.0,0,621102db,filmside,before,1102,db,As,expose,1.00E+13,13,650,24,4.5235,0.792,7.638,74.8,11.1235,8799.612,0.192266907,0.005277104,0.204607255,2.433404491,2.504356516,3742.446054
621102db_filmside_post_0hr.0,0,621102db,filmside,after,1102,db,As,expose,1.00E+13,13,650,25,2.727,0.663,6.631,62.219,14.968,3142.502,0.087794742,0.004630695,0.171409626,1.052551286,1.924191724,525.8445362
621102db_pre_0hr.0,0,621102db,sunnyside,before,1102,db,As,expose,1.00E+13,13,650,25,15.161,0.804,28.977,65.306,4.254,1395.33,0.468564297,0.004573474,0.411444334,1.121160252,0.3933542,189.3537153
621102db_post_0hr.0,0,621102db,sunnyside,after,1102,db,As,expose,1.00E+13,13,650,25,9.21,0.714,23.662,53.912,6.661,171.914,0.581048119,0.004545327,1.227960731,0.877759981,0.25515526,11.12191111
621102dc_filmside_pre_0hr.0,0,621102dc,filmside,before,1102,dc,As,expose,1.00E+12,12,1000,26,4.603,0.793,7.7785,75.0435,11.2905,7697.5785,0.167079184,0.004070154,0.213852429,0.897482712,2.077175083,3265.525119
621102dc_filmside_post_0hr.0,0,621102dc,filmside,after,1102,dc,As,expose,1.00E+12,12,1000,29,3.476,0.739,6.505,71.949,15.241,10062.847,0.118369704,0.004351264,0.206193958,0.871432704,1.61226728,121109.9556
621102dc_pre_0hr.0,0,621102dc,sunnyside,before,1102,dc,As,expose,1.00E+12,12,1000,30,15.3345,0.809,28.9155,65.5305,4.357,1464.5235,0.214018304,0.002511811,0.282674631,0.505362837,0.212200902,228.142982
621102dc_post_0hr.0,0,621102dc,sunnyside,after,1102,dc,As,expose,1.00E+12,12,1000,29,14.562,0.802,28.249,64.386,4.634,947.781,0.328549912,0.003872347,0.386525374,0.883626718,0.391917668,83.63889544
621102dd_filmside_pre_0hr.0,0,621102dd,filmside,before,1102,dd,As,expose,1.00E+11,11,150,23,4.573,0.787,7.677,74.784,10.838,8934.385,0.366723566,0.009178726,0.242020652,5.753858976,2.017632313,4074.617839
621102dd_filmside_post_0hr.0,0,621102dd,filmside,after,1102,dd,As,expose,1.00E+11,11,150,24,3.7585,0.7515,6.873,72.965,13.354,16612.0205,0.221267282,0.01075417,0.204237283,4.120775711,1.204626107,18113.85822
621102dd_pre_0hr.0,0,621102dd,sunnyside,before,1102,dd,As,expose,1.00E+11,11,150,25,15.016,0.801,28.826,65.003,4.778,1402.147,0.651385183,0.007078842,0.229472896,2.146187956,0.378276209,379.0540264
621102dd_post_0hr.0,0,621102dd,sunnyside,after,1102,dd,As,expose,1.00E+11,11,150,24,15.877,0.813,28.62,68.168,3.9845,1269.9255,0.613782463,0.006547347,0.250703517,2.034895104,0.24544045,239.7918731
